{"stats":{"minecraft:dropped":{"minecraft:wooden_pickaxe":2},"minecraft:broken":{"minecraft:stone_pickaxe":1},"minecraft:picked_up":{"minecraft:raw_copper":17,"minecraft:birch_log":6,"minecraft:lilac":6,"minecraft:raw_iron":3,"minecraft:cooked_beef":1,"minecraft:wooden_pickaxe":2,"minecraft:sand":4,"minecraft:oak_log":3,"minecraft:diorite":1,"minecraft:coal":15,"minecraft:cobblestone":93},"minecraft:used":{"minecraft:crafting_table":1,"minecraft:stone_pickaxe":130,"minecraft:wooden_pickaxe":50,"minecraft:cooked_beef":1},"minecraft:crafted":{"minecraft:furnace":1,"minecraft:birch_planks":12,"minecraft:crafting_table":1,"minecraft:stick":4,"minecraft:wooden_pickaxe":1,"minecraft:stone_pickaxe":1},"minecraft:mined":{"minecraft:oak_log":3,"minecraft:coal_ore":18,"minecraft:sand":4,"minecraft:birch_log":6,"minecraft:copper_ore":2,"minecraft:lilac":8,"minecraft:stone":135,"minecraft:birch_leaves":1,"minecraft:diorite":2},"minecraft:custom":{"minecraft:time_since_rest":23145,"minecraft:play_time":23145,"minecraft:damage_taken":325,"minecraft:walk_one_cm":68020,"minecraft:walk_under_water_one_cm":8164,"minecraft:boat_one_cm":58072,"minecraft:drop":2,"minecraft:jump":235,"minecraft:damage_dealt":114,"minecraft:time_since_death":23145,"minecraft:walk_on_water_one_cm":7829,"minecraft:total_world_time":23145,"minecraft:interact_with_crafting_table":5,"minecraft:fall_one_cm":1941,"minecraft:fly_one_cm":294}},"DataVersion":3120}