{"stats":{"minecraft:dropped":{"minecraft:wooden_pickaxe":2},"minecraft:picked_up":{"minecraft:raw_copper":3,"minecraft:birch_log":3,"minecraft:cooked_beef":1,"minecraft:wooden_pickaxe":2,"minecraft:sand":4,"minecraft:coal":14,"minecraft:cobblestone":13},"minecraft:used":{"minecraft:wooden_pickaxe":27},"minecraft:crafted":{"minecraft:birch_planks":12,"minecraft:stick":4,"minecraft:wooden_pickaxe":1},"minecraft:mined":{"minecraft:coal_ore":14,"minecraft:sand":4,"minecraft:birch_log":3,"minecraft:stone":13,"minecraft:birch_leaves":1},"minecraft:custom":{"minecraft:time_since_rest":11145,"minecraft:play_time":11145,"minecraft:damage_taken":15,"minecraft:walk_one_cm":26547,"minecraft:walk_under_water_one_cm":3347,"minecraft:boat_one_cm":58072,"minecraft:drop":2,"minecraft:jump":115,"minecraft:damage_dealt":10,"minecraft:time_since_death":11145,"minecraft:walk_on_water_one_cm":5691,"minecraft:total_world_time":11145,"minecraft:interact_with_crafting_table":2,"minecraft:fall_one_cm":1463,"minecraft:fly_one_cm":227}},"DataVersion":3120}