{"stats":{"minecraft:dropped":{"minecraft:wooden_axe":1,"minecraft:wooden_pickaxe":1},"minecraft:killed":{"minecraft:cow":3},"minecraft:picked_up":{"minecraft:magma_block":1,"minecraft:crafting_table":3,"minecraft:leather":2,"minecraft:oak_log":33,"minecraft:dirt":8,"minecraft:beef":5,"minecraft:coal":13,"minecraft:cobblestone":38},"minecraft:crafted":{"minecraft:oak_planks":68,"minecraft:crafting_table":1,"minecraft:stick":8,"minecraft:wooden_pickaxe":1,"minecraft:stone_pickaxe":1,"minecraft:wooden_axe":1,"minecraft:furnace":1,"minecraft:stone_axe":1},"minecraft:used":{"minecraft:wooden_axe":17,"minecraft:stone_pickaxe":39,"minecraft:wooden_pickaxe":13,"minecraft:stone_axe":20,"minecraft:dirt":3,"minecraft:crafting_table":3},"minecraft:mined":{"minecraft:magma_block":1,"minecraft:crafting_table":3,"minecraft:oak_log":33,"minecraft:grass_block":1,"minecraft:coal_ore":13,"minecraft:dirt":7,"minecraft:stone":38},"minecraft:custom":{"minecraft:time_since_rest":6955,"minecraft:sprint_one_cm":16919,"minecraft:damage_taken":50,"minecraft:walk_one_cm":3936,"minecraft:mob_kills":3,"minecraft:drop":2,"minecraft:damage_dealt":310,"minecraft:interact_with_crafting_table":5,"minecraft:swim_one_cm":1044,"minecraft:fly_one_cm":12402,"minecraft:crouch_one_cm":8245,"minecraft:play_time":6955,"minecraft:sneak_time":3127,"minecraft:walk_under_water_one_cm":2717,"minecraft:jump":64,"minecraft:time_since_death":6955,"minecraft:walk_on_water_one_cm":1658,"minecraft:total_world_time":6955,"minecraft:fall_one_cm":2457}},"DataVersion":3120}