{"stats":{"minecraft:dropped":{"minecraft:cooked_beef":1,"minecraft:wooden_axe":1,"minecraft:oak_sapling":2,"minecraft:wooden_pickaxe":1},"minecraft:killed":{"minecraft:pig":2,"minecraft:chicken":1,"minecraft:cow":7},"minecraft:picked_up":{"minecraft:stick":1,"minecraft:magma_block":1,"minecraft:crafting_table":4,"minecraft:chicken":1,"minecraft:leather":4,"minecraft:porkchop":5,"minecraft:oak_log":52,"minecraft:dirt":9,"minecraft:apple":1,"minecraft:beef":10,"minecraft:oak_sapling":2,"minecraft:sugar_cane":16,"minecraft:coal":34,"minecraft:egg":2,"minecraft:cobblestone":40,"minecraft:furnace":1},"minecraft:used":{"minecraft:wooden_axe":17,"minecraft:stone_sword":3,"minecraft:stone_pickaxe":51,"minecraft:wooden_pickaxe":13,"minecraft:torch":3,"minecraft:stone_axe":52,"minecraft:dirt":4,"minecraft:magma_block":1,"minecraft:crafting_table":4,"minecraft:furnace":1,"minecraft:oak_boat":1,"minecraft:egg":2,"minecraft:cooked_beef":3},"minecraft:crafted":{"minecraft:cooked_beef":5,"minecraft:oak_boat":1,"minecraft:oak_planks":208,"minecraft:crafting_table":1,"minecraft:stick":12,"minecraft:wooden_pickaxe":1,"minecraft:stone_pickaxe":1,"minecraft:wooden_axe":1,"minecraft:stone_sword":1,"minecraft:furnace":1,"minecraft:torch":16,"minecraft:stone_axe":1,"minecraft:air":0},"minecraft:mined":{"minecraft:magma_block":1,"minecraft:furnace":1,"minecraft:crafting_table":4,"minecraft:oak_log":52,"minecraft:grass_block":2,"minecraft:coal_ore":22,"minecraft:dirt":8,"minecraft:stone":40,"minecraft:sugar_cane":5,"minecraft:oak_leaves":7},"minecraft:custom":{"minecraft:time_since_rest":18955,"minecraft:interact_with_furnace":7,"minecraft:sprint_one_cm":78214,"minecraft:damage_taken":110,"minecraft:walk_one_cm":26203,"minecraft:mob_kills":10,"minecraft:drop":4,"minecraft:damage_dealt":960,"minecraft:interact_with_crafting_table":8,"minecraft:swim_one_cm":10842,"minecraft:fly_one_cm":52351,"minecraft:crouch_one_cm":12891,"minecraft:play_time":18955,"minecraft:sneak_time":4777,"minecraft:walk_under_water_one_cm":3058,"minecraft:boat_one_cm":38474,"minecraft:jump":290,"minecraft:time_since_death":18955,"minecraft:walk_on_water_one_cm":6482,"minecraft:total_world_time":18955,"minecraft:fall_one_cm":8331}},"DataVersion":3120}