{"stats":{"minecraft:dropped":{"minecraft:cooked_beef":1,"minecraft:wooden_axe":1,"minecraft:oak_sapling":2,"minecraft:wooden_pickaxe":1},"minecraft:killed":{"minecraft:pig":2,"minecraft:chicken":1,"minecraft:cow":7},"minecraft:picked_up":{"minecraft:crafting_table":8,"minecraft:magma_block":1,"minecraft:chicken":1,"minecraft:andesite":29,"minecraft:leather":4,"minecraft:oak_log":52,"minecraft:dirt":11,"minecraft:apple":1,"minecraft:beef":10,"minecraft:oak_boat":1,"minecraft:sugar_cane":16,"minecraft:furnace":2,"minecraft:egg":2,"minecraft:stick":1,"minecraft:raw_iron":10,"minecraft:torch":5,"minecraft:gravel":18,"minecraft:porkchop":5,"minecraft:granite":4,"minecraft:oak_sapling":2,"minecraft:coal":64,"minecraft:cobblestone":237},"minecraft:broken":{"minecraft:stone_pickaxe":2},"minecraft:used":{"minecraft:water_bucket":2,"minecraft:stone_sword":4,"minecraft:stone_pickaxe":296,"minecraft:wooden_pickaxe":13,"minecraft:oak_door":1,"minecraft:torch":13,"minecraft:dirt":5,"minecraft:crafting_table":9,"minecraft:wooden_axe":17,"minecraft:iron_pickaxe":5,"minecraft:stone_axe":56,"minecraft:cobblestone":2,"minecraft:magma_block":1,"minecraft:furnace":3,"minecraft:bucket":3,"minecraft:oak_boat":1,"minecraft:egg":2,"minecraft:cooked_beef":3},"minecraft:crafted":{"minecraft:cooked_beef":8,"minecraft:oak_door":3,"minecraft:oak_planks":208,"minecraft:crafting_table":1,"minecraft:wooden_pickaxe":1,"minecraft:furnace":1,"minecraft:bucket":1,"minecraft:stone_axe":1,"minecraft:air":0,"minecraft:oak_boat":1,"minecraft:shield":1,"minecraft:stick":20,"minecraft:iron_ingot":7,"minecraft:iron_pickaxe":1,"minecraft:stone_pickaxe":3,"minecraft:wooden_axe":1,"minecraft:stone_sword":1,"minecraft:torch":16},"minecraft:mined":{"minecraft:crafting_table":8,"minecraft:torch":5,"minecraft:granite":4,"minecraft:grass_block":2,"minecraft:sugar_cane":5,"minecraft:magma_block":1,"minecraft:furnace":2,"minecraft:iron_ore":7,"minecraft:andesite":29,"minecraft:coal_ore":29,"minecraft:oak_log":52,"minecraft:dirt":10,"minecraft:stone":238,"minecraft:oak_leaves":7},"minecraft:custom":{"minecraft:interact_with_furnace":18,"minecraft:mob_kills":10,"minecraft:interact_with_crafting_table":14,"minecraft:time_since_death":30955,"minecraft:time_since_rest":30955,"minecraft:sprint_one_cm":86319,"minecraft:damage_taken":110,"minecraft:walk_one_cm":34859,"minecraft:drop":4,"minecraft:damage_dealt":960,"minecraft:swim_one_cm":15675,"minecraft:fly_one_cm":54097,"minecraft:crouch_one_cm":27773,"minecraft:play_time":30955,"minecraft:sneak_time":10555,"minecraft:walk_under_water_one_cm":5174,"minecraft:boat_one_cm":38474,"minecraft:jump":322,"minecraft:walk_on_water_one_cm":8800,"minecraft:total_world_time":30955,"minecraft:fall_one_cm":8331}},"DataVersion":3120}