{"stats":{"minecraft:picked_up":{"minecraft:birch_log":12,"minecraft:crafting_table":1,"minecraft:stick":9,"minecraft:apple":1,"minecraft:oak_log":52,"minecraft:oak_sapling":12,"minecraft:sugar_cane":3},"minecraft:killed_by":{"minecraft:player":1},"minecraft:crafted":{"minecraft:oak_planks":52,"minecraft:crafting_table":1,"minecraft:stick":20,"minecraft:wooden_pickaxe":1,"minecraft:wooden_axe":1},"minecraft:used":{"minecraft:wooden_axe":14,"minecraft:crafting_table":1},"minecraft:mined":{"minecraft:grass":6,"minecraft:oak_log":52,"minecraft:birch_log":12,"minecraft:birch_leaves":1,"minecraft:sugar_cane":2,"minecraft:crafting_table":1,"minecraft:oak_leaves":20},"minecraft:custom":{"minecraft:time_since_rest":15850,"minecraft:crouch_one_cm":430,"minecraft:sprint_one_cm":10217,"minecraft:play_time":21550,"minecraft:deaths":1,"minecraft:damage_taken":278,"minecraft:walk_one_cm":55439,"minecraft:sneak_time":213,"minecraft:walk_under_water_one_cm":2307,"minecraft:jump":104,"minecraft:damage_dealt":236,"minecraft:leave_game":3,"minecraft:walk_on_water_one_cm":754,"minecraft:time_since_death":15812,"minecraft:total_world_time":21550,"minecraft:swim_one_cm":5347,"minecraft:interact_with_crafting_table":2,"minecraft:fall_one_cm":1031,"minecraft:fly_one_cm":3863,"minecraft:player_kills":1}},"DataVersion":3120}