{"stats":{"minecraft:killed":{"minecraft:pig":5,"minecraft:chicken":1},"minecraft:picked_up":{"minecraft:birch_log":21,"minecraft:stick":30,"minecraft:crafting_table":2,"minecraft:feather":2,"minecraft:chicken":2,"minecraft:cooked_porkchop":2,"minecraft:andesite":20,"minecraft:torch":10,"minecraft:wooden_pickaxe":1,"minecraft:porkchop":22,"minecraft:oak_log":91,"minecraft:diorite":24,"minecraft:dirt":11,"minecraft:apple":2,"minecraft:wheat_seeds":4,"minecraft:stone_pickaxe":3,"minecraft:rose_bush":6,"minecraft:oak_sapling":28,"minecraft:sugar_cane":6,"minecraft:oak_planks":32,"minecraft:coal":48,"minecraft:cobblestone":450,"minecraft:furnace":1},"minecraft:broken":{"minecraft:stone_pickaxe":2},"minecraft:killed_by":{"minecraft:player":1},"minecraft:crafted":{"minecraft:oak_planks":52,"minecraft:cooked_porkchop":4,"minecraft:crafting_table":1,"minecraft:stick":20,"minecraft:wooden_pickaxe":1,"minecraft:stone_pickaxe":3,"minecraft:wooden_axe":1,"minecraft:furnace":1,"minecraft:torch":8,"minecraft:air":0},"minecraft:used":{"minecraft:wooden_axe":54,"minecraft:stone_pickaxe":177,"minecraft:wooden_pickaxe":37,"minecraft:torch":2,"minecraft:dirt":1,"minecraft:cobblestone":12,"minecraft:crafting_table":3,"minecraft:furnace":2,"minecraft:cooked_porkchop":2,"minecraft:andesite":4},"minecraft:mined":{"minecraft:furnace":1,"minecraft:birch_log":12,"minecraft:andesite":5,"minecraft:birch_leaves":1,"minecraft:crafting_table":2,"minecraft:grass":11,"minecraft:coal_ore":19,"minecraft:grass_block":5,"minecraft:oak_log":52,"minecraft:rose_bush":3,"minecraft:tall_grass":8,"minecraft:cobblestone":2,"minecraft:stone":176,"minecraft:sugar_cane":2,"minecraft:diorite":11,"minecraft:oak_leaves":28},"minecraft:custom":{"minecraft:time_since_rest":2675,"minecraft:interact_with_furnace":4,"minecraft:sprint_one_cm":44379,"minecraft:damage_taken":718,"minecraft:walk_one_cm":141883,"minecraft:mob_kills":6,"minecraft:damage_dealt":777,"minecraft:player_kills":1,"minecraft:interact_with_crafting_table":5,"minecraft:swim_one_cm":6630,"minecraft:fly_one_cm":9516,"minecraft:crouch_one_cm":1837,"minecraft:play_time":45550,"minecraft:deaths":2,"minecraft:sneak_time":630,"minecraft:walk_under_water_one_cm":17713,"minecraft:jump":329,"minecraft:leave_game":3,"minecraft:time_since_death":2638,"minecraft:walk_on_water_one_cm":5738,"minecraft:total_world_time":45550,"minecraft:fall_one_cm":2552}},"DataVersion":3120}