{"stats":{"minecraft:killed":{"minecraft:pig":5,"minecraft:chicken":1},"minecraft:picked_up":{"minecraft:birch_log":12,"minecraft:stick":11,"minecraft:crafting_table":1,"minecraft:feather":1,"minecraft:chicken":1,"minecraft:porkchop":10,"minecraft:oak_log":52,"minecraft:dirt":6,"minecraft:apple":1,"minecraft:wheat_seeds":2,"minecraft:rose_bush":3,"minecraft:oak_sapling":14,"minecraft:sugar_cane":3,"minecraft:cobblestone":26},"minecraft:killed_by":{"minecraft:player":1},"minecraft:crafted":{"minecraft:oak_planks":52,"minecraft:cooked_porkchop":4,"minecraft:crafting_table":1,"minecraft:stick":20,"minecraft:wooden_pickaxe":1,"minecraft:wooden_axe":1,"minecraft:furnace":1,"minecraft:air":0},"minecraft:used":{"minecraft:wooden_axe":54,"minecraft:wooden_pickaxe":26,"minecraft:crafting_table":2,"minecraft:furnace":1,"minecraft:cooked_porkchop":2},"minecraft:mined":{"minecraft:birch_log":12,"minecraft:birch_leaves":1,"minecraft:crafting_table":1,"minecraft:grass":11,"minecraft:grass_block":5,"minecraft:oak_log":52,"minecraft:rose_bush":3,"minecraft:tall_grass":8,"minecraft:stone":26,"minecraft:sugar_cane":2,"minecraft:oak_leaves":28},"minecraft:custom":{"minecraft:time_since_rest":27850,"minecraft:interact_with_furnace":4,"minecraft:sprint_one_cm":42899,"minecraft:damage_taken":428,"minecraft:walk_one_cm":106792,"minecraft:mob_kills":6,"minecraft:damage_dealt":777,"minecraft:player_kills":1,"minecraft:interact_with_crafting_table":3,"minecraft:swim_one_cm":5347,"minecraft:fly_one_cm":9348,"minecraft:crouch_one_cm":430,"minecraft:play_time":33550,"minecraft:deaths":1,"minecraft:sneak_time":215,"minecraft:walk_under_water_one_cm":3566,"minecraft:jump":231,"minecraft:leave_game":3,"minecraft:time_since_death":27812,"minecraft:walk_on_water_one_cm":4905,"minecraft:total_world_time":33550,"minecraft:fall_one_cm":2552}},"DataVersion":3120}