{"stats":{"minecraft:custom":{"minecraft:time_since_rest":14436,"minecraft:interact_with_furnace":4,"minecraft:sprint_one_cm":22850,"minecraft:damage_taken":249,"minecraft:walk_one_cm":36269,"minecraft:drop":2,"minecraft:damage_dealt":238,"minecraft:interact_with_crafting_table":4,"minecraft:fly_one_cm":17932,"minecraft:player_kills":1,"minecraft:crouch_one_cm":659,"minecraft:play_time":17403,"minecraft:deaths":1,"minecraft:sneak_time":207,"minecraft:walk_under_water_one_cm":280,"minecraft:jump":173,"minecraft:walk_on_water_one_cm":719,"minecraft:time_since_death":14407,"minecraft:total_world_time":17403,"minecraft:fall_one_cm":1685},"minecraft:used":{"minecraft:stone_pickaxe":111,"minecraft:wooden_pickaxe":8,"minecraft:torch":2,"minecraft:dirt":23,"minecraft:cobblestone":3,"minecraft:crafting_table":1,"minecraft:furnace":2,"minecraft:oak_sapling":1},"minecraft:crafted":{"minecraft:oak_planks":12,"minecraft:crafting_table":1,"minecraft:stick":8,"minecraft:iron_ingot":1,"minecraft:wooden_pickaxe":1,"minecraft:stone_pickaxe":1,"minecraft:furnace":2,"minecraft:torch":16},"minecraft:picked_up":{"minecraft:raw_iron":6,"minecraft:torch":1,"minecraft:oak_log":6,"minecraft:dirt":40,"minecraft:bone":2,"minecraft:stone_pickaxe":1,"minecraft:oak_sapling":1,"minecraft:coal":41,"minecraft:cobblestone":58},"minecraft:dropped":{"minecraft:torch":1,"minecraft:stone_pickaxe":1},"minecraft:mined":{"minecraft:iron_ore":6,"minecraft:grass":1,"minecraft:grass_block":3,"minecraft:oak_log":6,"minecraft:coal_ore":41,"minecraft:dirt":37,"minecraft:stone":72,"minecraft:oak_leaves":5},"minecraft:killed_by":{"minecraft:player":1}},"DataVersion":3120}