{"stats":{"minecraft:dropped":{"minecraft:wooden_pickaxe":1},"minecraft:picked_up":{"minecraft:magma_block":7,"minecraft:crafting_table":1,"minecraft:oak_log":6,"minecraft:dirt":6,"minecraft:raw_copper":18,"minecraft:oak_sapling":2,"minecraft:coal":8,"minecraft:cobblestone":16},"minecraft:used":{"minecraft:stone_pickaxe":31,"minecraft:wooden_pickaxe":7,"minecraft:stone_axe":1,"minecraft:torch":1,"minecraft:crafting_table":1,"minecraft:oak_boat":1},"minecraft:crafted":{"minecraft:oak_boat":1,"minecraft:oak_planks":24,"minecraft:crafting_table":1,"minecraft:stick":12,"minecraft:wooden_pickaxe":1,"minecraft:stone_pickaxe":1,"minecraft:stone_sword":1,"minecraft:torch":16,"minecraft:stone_axe":1},"minecraft:mined":{"minecraft:magma_block":7,"minecraft:crafting_table":1,"minecraft:oak_log":6,"minecraft:grass_block":3,"minecraft:coal_ore":8,"minecraft:dirt":3,"minecraft:copper_ore":6,"minecraft:stone":16,"minecraft:oak_leaves":1},"minecraft:custom":{"minecraft:time_since_rest":9860,"minecraft:interact_with_furnace":1,"minecraft:sprint_one_cm":14944,"minecraft:damage_taken":70,"minecraft:walk_one_cm":18709,"minecraft:drop":1,"minecraft:damage_dealt":43,"minecraft:interact_with_crafting_table":3,"minecraft:swim_one_cm":9878,"minecraft:fly_one_cm":17430,"minecraft:crouch_one_cm":114,"minecraft:play_time":9860,"minecraft:sneak_time":96,"minecraft:walk_under_water_one_cm":1837,"minecraft:boat_one_cm":92088,"minecraft:jump":110,"minecraft:walk_on_water_one_cm":3649,"minecraft:time_since_death":9860,"minecraft:total_world_time":9860,"minecraft:fall_one_cm":3554}},"DataVersion":3120}