{"stats":{"minecraft:dropped":{"minecraft:stone_pickaxe":1,"minecraft:wooden_pickaxe":1},"minecraft:killed":{"minecraft:zombie":1,"minecraft:salmon":1},"minecraft:picked_up":{"minecraft:raw_iron":9,"minecraft:magma_block":9,"minecraft:crafting_table":1,"minecraft:oak_door":1,"minecraft:salmon":1,"minecraft:oak_log":12,"minecraft:dirt":6,"minecraft:raw_copper":18,"minecraft:cobbled_deepslate":3,"minecraft:bone_meal":1,"minecraft:oak_sapling":2,"minecraft:coal":22,"minecraft:cobblestone":53},"minecraft:used":{"minecraft:stone_pickaxe":129,"minecraft:wooden_pickaxe":7,"minecraft:oak_door":3,"minecraft:stone_axe":13,"minecraft:torch":10,"minecraft:cobblestone":8,"minecraft:magma_block":2,"minecraft:crafting_table":1,"minecraft:oak_sapling":2,"minecraft:oak_boat":1},"minecraft:crafted":{"minecraft:oak_door":3,"minecraft:oak_boat":1,"minecraft:oak_planks":24,"minecraft:crafting_table":1,"minecraft:stick":12,"minecraft:wooden_pickaxe":1,"minecraft:stone_pickaxe":1,"minecraft:stone_sword":1,"minecraft:torch":20,"minecraft:stone_axe":1},"minecraft:mined":{"minecraft:magma_block":9,"minecraft:oak_door":1,"minecraft:iron_ore":8,"minecraft:andesite":5,"minecraft:crafting_table":1,"minecraft:oak_log":12,"minecraft:grass_block":3,"minecraft:coal_ore":25,"minecraft:deepslate_iron_ore":4,"minecraft:dirt":3,"minecraft:copper_ore":8,"minecraft:cobblestone":2,"minecraft:stone":70,"minecraft:oak_leaves":1,"minecraft:deepslate":3},"minecraft:custom":{"minecraft:time_since_rest":21860,"minecraft:interact_with_furnace":1,"minecraft:sprint_one_cm":30507,"minecraft:damage_taken":124,"minecraft:walk_one_cm":57356,"minecraft:mob_kills":2,"minecraft:drop":2,"minecraft:damage_dealt":304,"minecraft:interact_with_crafting_table":4,"minecraft:swim_one_cm":19259,"minecraft:fly_one_cm":21687,"minecraft:crouch_one_cm":1544,"minecraft:play_time":21860,"minecraft:sneak_time":949,"minecraft:walk_under_water_one_cm":24702,"minecraft:boat_one_cm":92088,"minecraft:jump":255,"minecraft:walk_on_water_one_cm":13088,"minecraft:time_since_death":21860,"minecraft:total_world_time":21860,"minecraft:fall_one_cm":3765}},"DataVersion":3120}